{
    "A": { "x": 0.003278688524590164, "y": 0.2916666666666667, "w": 0.03934426229508197, "h": 0.2916666666666667 },
    "B": { "x": 0.04590163934426229, "y": 0.2916666666666667, "w": 0.029508196721311476, "h": 0.2916666666666667 },
    "C": { "x": 0.07868852459016394, "y": 0.2916666666666667, "w": 0.029508196721311476, "h": 0.2916666666666667 },
    "D": {
        "x": 0.11147540983606558,
        "y": 0.2916666666666667,
        "w": 0.029508196721311476,
        "h": 0.2916666666666667
    },
    "E": { "x": 0.14426229508196722, "y": 0.2916666666666667, "w": 0.02622950819672131, "h": 0.2916666666666667 },
    "F": { "x": 0.1737704918032787, "y": 0.2916666666666667, "w": 0.029508196721311476, "h": 0.2916666666666667 },
    "G": { "x": 0.20655737704918034, "y": 0.2916666666666667, "w": 0.03278688524590164, "h": 0.2916666666666667 },
    "H": { "x": 0.24262295081967214, "y": 0.2916666666666667, "w": 0.03934426229508197, "h": 0.2916666666666667 },
    "I": { "x": 0.28524590163934427, "y": 0.2916666666666667, "w": 0.019672131147540985, "h": 0.2916666666666667 },
    "J": { "x": 0.3081967213114754, "y": 0.2916666666666667, "w": 0.02622950819672131, "h": 0.2916666666666667 },
    "K": { "x": 0.3377049180327869, "y": 0.2916666666666667, "w": 0.022950819672131147, "h": 0.2916666666666667 },
    "L": { "x": 0.3639344262295082, "y": 0.2916666666666667, "w": 0.02622950819672131, "h": 0.2916666666666667 },
    "M": { "x": 0.39344262295081966, "y": 0.2916666666666667, "w": 0.04918032786885246, "h": 0.2708333333333333 },
    "N": {
        "x": 0.4459016393442623,
        "y": 0.2916666666666667,
        "w": 0.04590163934426229,
        "h": 0.2916666666666667
    },
    "O": { "x": 0.49508196721311476, "y": 0.2916666666666667, "w": 0.036065573770491806, "h": 0.2916666666666667 },
    "P": { "x": 0.5344262295081967, "y": 0.2916666666666667, "w": 0.03934426229508197, "h": 0.2916666666666667 },
    "Q": { "x": 0.5770491803278689, "y": 0.2916666666666667, "w": 0.04590163934426229, "h": 0.2708333333333333 },
    "R": { "x": 0.6262295081967213, "y": 0.2916666666666667, "w": 0.03278688524590164, "h": 0.2916666666666667 },
    "S": { "x": 0.6622950819672131, "y": 0.2916666666666667, "w": 0.02622950819672131, "h": 0.2916666666666667 },
    "T": { "x": 0.6918032786885245, "y": 0.2916666666666667, "w": 0.036065573770491806, "h": 0.2916666666666667 },
    "U": { "x": 0.7311475409836066, "y": 0.2916666666666667, "w": 0.04262295081967213, "h": 0.2916666666666667 },
    "V": {
        "x": 0.7770491803278688,
        "y": 0.2916666666666667,
        "w": 0.03934426229508197,
        "h": 0.2708333333333333
    },
    "W": { "x": 0.819672131147541, "y": 0.2916666666666667, "w": 0.05573770491803279, "h": 0.2708333333333333 },
    "X": { "x": 0.8786885245901639, "y": 0.2916666666666667, "w": 0.04590163934426229, "h": 0.2916666666666667 },
    "Y": { "x": 0.9278688524590164, "y": 0.2916666666666667, "w": 0.029508196721311476, "h": 0.2708333333333333 },
    "Z": { "x": 0.9606557377049181, "y": 0.2916666666666667, "w": 0.036065573770491806, "h": 0.25 },
    "a": { "x": 0.003278688524590164, "y": 0.625, "w": 0.029508196721311476, "h": 0.14583333333333334 },
    "b": { "x": 0.036065573770491806, "y": 0.625, "w": 0.022950819672131147, "h": 0.2916666666666667 },
    "c": { "x": 0.06229508196721312, "y": 0.625, "w": 0.019672131147540985, "h": 0.14583333333333334 },
    "d": { "x": 0.08524590163934426, "y": 0.625, "w": 0.022950819672131147, "h": 0.2916666666666667 },
    "e": { "x": 0.11147540983606558, "y": 0.625, "w": 0.02622950819672131, "h": 0.16666666666666666 },
    "f": { "x": 0.14098360655737704, "y": 0.625, "w": 0.022950819672131147, "h": 0.2916666666666667 },
    "g": { "x": 0.16721311475409836, "y": 0.625, "w": 0.022950819672131147, "h": 0.22916666666666666 },
    "h": { "x": 0.19344262295081968, "y": 0.625, "w": 0.022950819672131147, "h": 0.25 },
    "i": { "x": 0.21967213114754097, "y": 0.625, "w": 0.013114754098360656, "h": 0.1875 },
    "j": { "x": 0.2360655737704918, "y": 0.625, "w": 0.019672131147540985, "h": 0.22916666666666666 },
    "k": { "x": 0.25901639344262295, "y": 0.625, "w": 0.01639344262295082, "h": 0.2708333333333333 },
    "l": { "x": 0.2786885245901639, "y": 0.625, "w": 0.019672131147540985, "h": 0.2916666666666667 },
    "m": { "x": 0.3016393442622951, "y": 0.625, "w": 0.036065573770491806, "h": 0.16666666666666666 },
    "n": { "x": 0.34098360655737703, "y": 0.625, "w": 0.02622950819672131, "h": 0.125 },
    "o": {
        "x": 0.3704918032786885,
        "y": 0.625,
        "w": 0.02622950819672131,
        "h": 0.14583333333333334
    },
    "p": { "x": 0.4, "y": 0.625, "w": 0.02622950819672131, "h": 0.22916666666666666 },
    "q": { "x": 0.42950819672131146, "y": 0.625, "w": 0.022950819672131147, "h": 0.2916666666666667 },
    "r": { "x": 0.4557377049180328, "y": 0.625, "w": 0.029508196721311476, "h": 0.16666666666666666 },
    "s": { "x": 0.4885245901639344, "y": 0.625, "w": 0.019672131147540985, "h": 0.16666666666666666 },
    "t": { "x": 0.5114754098360655, "y": 0.625, "w": 0.01639344262295082, "h": 0.20833333333333334 },
    "u": { "x": 0.5311475409836065, "y": 0.625, "w": 0.019672131147540985, "h": 0.125 },
    "v": { "x": 0.5540983606557377, "y": 0.625, "w": 0.019672131147540985, "h": 0.125 },
    "w": { "x": 0.5770491803278689, "y": 0.625, "w": 0.02622950819672131, "h": 0.125 },
    "x": { "x": 0.6065573770491803, "y": 0.625, "w": 0.019672131147540985, "h": 0.125 },
    "y": { "x": 0.6295081967213115, "y": 0.625, "w": 0.01639344262295082, "h": 0.22916666666666666 },
    "z": { "x": 0.6491803278688525, "y": 0.625, "w": 0.019672131147540985, "h": 0.14583333333333334 }
}